<?xml version="1.0" encoding="utf-8"?>
<tabs-ext>
    <functionality colorTab1="#930c0c" colorTab2="#d9182d">Wok</functionality>
    <tab>
        <access role="admin" mode="admin"/>
        <access role="user" mode="none"/>
        <title>Activity Log</title>
        <order>100</order>
        <path>tabs/user-log.html</path>
    </tab>
    <tab>
        <access role="admin" mode="admin"/>
        <access role="user" mode="none"/>
        <title>Settings</title>
        <order>101</order>
        <path>tabs/settings.html</path>
    </tab>
</tabs-ext>
